{"Precision": 0.875, "Recall": 0.16666666666666666, "F-measure": 0.27999999999999997, "Average_Overlap_Ratio": 1.0, "Precision_no_offset": 1.0, "Recall_no_offset": 0.19047619047619047, "F-measure_no_offset": 0.32, "Average_Overlap_Ratio_no_offset": 0.9375, "Onset_Precision": 1.0, "Onset_Recall": 0.19047619047619047, "Onset_F-measure": 0.32, "Offset_Precision": 1.0, "Offset_Recall": 0.19047619047619047, "Offset_F-measure": 0.32}